,frequency,percentage
18-25,98,0.023797960174842158
26-29,314,0.0762506070908208
30-34,893,0.21685284118504128
35-39,801,0.19451189898008742
40-44,603,0.14643030597377368
45-49,493,0.11971830985915492
50-56,558,0.13550267119961146
57-60,249,0.06046624575036425
61-70,71,0.017241379310344827
71-88,38,0.009227780475959204
