,frequency,percentage
illiterate,1,0.00024277737314882253
unknown,167,0.040543821315853365
basic.6y,228,0.055353241077931534
basic.4y,429,0.10415149308084487
professional.course,535,0.12988589463462005
basic.9y,574,0.13935421218742414
high.school,921,0.22359796067006554
university.degree,1264,0.30687059966011165
