,frequency,percentage
unknown,105,0.025491624180626365
no,1839,0.44646758922068464
yes,2175,0.528040786598689
