,frequency,percentage
unknown,39,0.009468317552804079
student,82,0.019907744598203447
housemaid,110,0.026705511046370478
unemployed,111,0.026948288419519302
entrepreneur,148,0.03593105122602573
self-employed,159,0.03860160233066278
retired,166,0.04030104394270454
management,324,0.0786598689002185
services,393,0.09541150764748725
technician,691,0.16775916484583636
blue-collar,884,0.21461519786355912
admin.,1012,0.2456907016266084
