,frequency,percentage
unknown,105,0.025491624180626365
yes,665,0.16144695314396698
no,3349,0.8130614226754066
