,frequency,percentage
unknown,11,0.002670551104637048
divorced,446,0.10827870842437484
single,1153,0.27992231124059236
married,2509,0.6091284292303957
